{
  "train_loss": [
    2.4583940807430222,
    2.3685720816425895,
    2.2486723866955987,
    2.1067758538257118,
    1.9380911725690995,
    1.7871710747137837,
    1.650827685991923,
    1.5241198416413932,
    1.3886807321131915,
    1.2942008204843807,
    1.1807945048672028,
    1.0985393592681008,
    1.0421896679648037,
    0.970652480235045,
    0.9373293039442478,
    0.9104354943352184,
    0.8961546832117541,
    0.8548722678217394,
    0.8240358548602839,
    0.7838575531696451,
    0.7512392809336212,
    0.7327193288967527,
    0.6738778167757494,
    0.6918108518096222,
    0.6570165006593726,
    0.6510659493934149,
    0.6316751012171822,
    0.6116359011195172,
    0.611363152662913,
    0.6025457741885349,
    0.5897873722273728,
    0.5647284885247549,
    0.5591328472926699,
    0.5516824640076736,
    0.5608621883666378,
    0.5577800637004019,
    0.548780032615552,
    0.524506673730653,
    0.5127416294196556,
    0.5325015067369089,
    0.483838337420047,
    0.4993098494650304,
    0.4836928782791927,
    0.48753998950980176,
    0.5085686099255222,
    0.4793468712047599,
    0.4602241262622263,
    0.43150836023791084,
    0.43948456816289616,
    0.46757252531490107,
    0.44117613667729255,
    0.43627444423478223,
    0.42055286689736376,
    0.4506502439235819,
    0.4439431257631587,
    0.41022740818303205,
    0.42028130882087794,
    0.42162752836600115,
    0.4251654963383729,
    0.4133004600974335,
    0.3924327780460489,
    0.39534731294916964,
    0.3873874034689761,
    0.3572660472201205,
    0.3598870563096014,
    0.3407785048087438,
    0.33505648374557495,
    0.3510705967401636,
    0.3490513933115992,
    0.3512996942147441,
    0.34599581360816956,
    0.3262606643397233,
    0.3286035756270091,
    0.321393801905643,
    0.31710320711135864,
    0.2983767530698886,
    0.35792112693019296,
    0.33803227235530986,
    0.3502830883552288,
    0.31033698991797437,
    0.31861036741870574,
    0.3251223834766739,
    0.2959186359383594,
    0.3309925652440937,
    0.30636424879575597,
    0.30023479735714265,
    0.2837227829571428,
    0.3116842056142873,
    0.303389308438904,
    0.36576168427522154,
    0.29152596305156575,
    0.2739780415063617,
    0.29388158314529506,
    0.2848821731134393,
    0.29718400589350996,
    0.2991695201945031,
    0.25680562888068714,
    0.28155885448401,
    0.2513307726931298,
    0.2518063110952405
  ],
  "train_acc": [
    0.1235632183908046,
    0.24568965517241378,
    0.33620689655172414,
    0.40948275862068967,
    0.45689655172413796,
    0.5086206896551724,
    0.521551724137931,
    0.5560344827586207,
    0.5905172413793104,
    0.6192528735632183,
    0.6609195402298851,
    0.6724137931034483,
    0.6709770114942529,
    0.7011494252873564,
    0.7140804597701149,
    0.7040229885057471,
    0.6925287356321839,
    0.7126436781609196,
    0.7183908045977011,
    0.7313218390804598,
    0.7413793103448276,
    0.764367816091954,
    0.7772988505747126,
    0.7586206896551724,
    0.7629310344827587,
    0.7744252873563219,
    0.7988505747126436,
    0.7959770114942529,
    0.7988505747126436,
    0.7974137931034483,
    0.8132183908045977,
    0.8117816091954023,
    0.8089080459770115,
    0.8074712643678161,
    0.8074712643678161,
    0.8074712643678161,
    0.8074712643678161,
    0.8204022988505747,
    0.8160919540229885,
    0.8175287356321839,
    0.8189655172413793,
    0.8261494252873564,
    0.8405172413793104,
    0.8318965517241379,
    0.8189655172413793,
    0.8419540229885057,
    0.8318965517241379,
    0.8520114942528736,
    0.8390804597701149,
    0.8318965517241379,
    0.8462643678160919,
    0.8333333333333334,
    0.8462643678160919,
    0.8318965517241379,
    0.8390804597701149,
    0.860632183908046,
    0.8362068965517241,
    0.8563218390804598,
    0.853448275862069,
    0.8491379310344828,
    0.853448275862069,
    0.8635057471264368,
    0.8663793103448276,
    0.8706896551724138,
    0.8793103448275862,
    0.8721264367816092,
    0.882183908045977,
    0.8850574712643678,
    0.8721264367816092,
    0.8735632183908046,
    0.8721264367816092,
    0.8807471264367817,
    0.8908045977011494,
    0.8807471264367817,
    0.8850574712643678,
    0.8979885057471264,
    0.8836206896551724,
    0.889367816091954,
    0.8735632183908046,
    0.896551724137931,
    0.8908045977011494,
    0.8864942528735632,
    0.8951149425287356,
    0.8836206896551724,
    0.8994252873563219,
    0.9008620689655172,
    0.896551724137931,
    0.8879310344827587,
    0.896551724137931,
    0.8778735632183908,
    0.8994252873563219,
    0.9037356321839081,
    0.9109195402298851,
    0.8936781609195402,
    0.8994252873563219,
    0.9008620689655172,
    0.9123563218390804,
    0.896551724137931,
    0.8994252873563219,
    0.9109195402298851
  ],
  "val_loss": [
    2.393688225164646,
    2.271019912347561,
    2.1396852702629277,
    1.9953425802835605,
    1.8490077053628318,
    1.7232256924233786,
    1.582479279215743,
    1.4395235631524064,
    1.373872887797472,
    1.2551540165412716,
    1.2220923987830556,
    1.1179889789441737,
    1.0940140689291604,
    1.0128215289697415,
    1.0040670924070405,
    0.984993419996122,
    0.9202555854146074,
    0.9363911762470152,
    0.8769966392982297,
    0.8893315850234613,
    0.8821243512921217,
    0.8241269268640657,
    0.7977041587596987,
    0.8599303437442314,
    0.8709103508693415,
    0.865074477544645,
    0.8460332213378534,
    0.8499446874711571,
    0.8317268592555348,
    0.7981539325016301,
    0.8094132324544395,
    0.7497326571766924,
    0.7503499897514901,
    0.8337067569174418,
    0.8506839827793401,
    0.7992767357244724,
    0.8581768565061616,
    0.8572907302437759,
    0.8081486719410594,
    0.8744483401135701,
    0.8222994775306888,
    0.84866180361771,
    0.7777446711935648,
    0.7709111963830343,
    0.8334962449422697,
    0.9098911750607375,
    0.8283167525035579,
    0.8440681608711801,
    0.8797654146101417,
    0.8486635394212676,
    0.8488806602431507,
    0.8891984049866839,
    0.7984214614077312,
    0.9155463590854551,
    0.8333686299440337,
    0.7653881049737697,
    0.8926848376669535,
    0.8035120586069618,
    0.9511603611271556,
    0.8980003188296062,
    0.8614390565127861,
    0.9045795347632432,
    0.899524903878933,
    0.8269606305331718,
    0.8521616400741949,
    0.8776293760392724,
    0.8983617352276314,
    0.937157854801271,
    0.9974933601007229,
    0.9150347942259254,
    0.9052161734278609,
    0.9445535816797396,
    0.8189323849794341,
    0.9757878605912371,
    0.8376030980086908,
    0.932284785480034,
    1.149214174689316,
    0.9235664169962813,
    0.9969451049479042,
    0.972305937511165,
    1.038230587796467,
    0.9427404752591761,
    0.976799034490818,
    0.9454012207868623,
    0.9578519449001406,
    1.0124504653418935,
    0.9627708312941761,
    0.9572520168816171,
    1.0595127867489327,
    1.0557481224943952,
    1.1107237193642594,
    1.0158234398539474,
    1.0434040005614118,
    1.1240865137518905,
    0.9746596289844047,
    0.9197179660564516,
    0.9942498090790539,
    1.0082476226294912,
    0.9872811887322402,
    1.0393643408286861
  ],